{
  "sequences": [
    [
      0.0,
      3.044522523880005,
      2.4849066734313965,
      0.6931471824645996,
      0.0,
      1.7917594909667969,
      0.0,
      0.6931471824645996,
      1.6094379425048828,
      1.9459102153778076,
      1.9459102153778076,
      3.465735912322998,
      0.0,
      0.0,
      0.0,
      0.0,
      0.0,
      0.0,
      0.0,
      0.0,
      0.0,
      0.0,
      0.0,
      0.0,
      0.0,
      0.0,
      0.0,
      0.0,
      0.0,
      0.0
    ],
    [
      1.0,
      -1.0,
      1.0,
      1.0,
      1.0,
      -1.0,
      -1.0,
      -1.0,
      1.0,
      -1.0,
      1.0,
      -1.0,
      0.0,
      0.0,
      0.0,
      0.0,
      0.0,
      0.0,
      0.0,
      0.0,
      0.0,
      0.0,
      0.0,
      0.0,
      0.0,
      0.0,
      0.0,
      0.0,
      0.0,
      0.0
    ],
    [
      1250.0,
      1250.0,
      165.0,
      1246.0,
      1206.0,
      504.0,
      120.0,
      27.0,
      34.0,
      567.0,
      35.0,
      25.0,
      0.0,
      0.0,
      0.0,
      0.0,
      0.0,
      0.0,
      0.0,
      0.0,
      0.0,
      0.0,
      0.0,
      0.0,
      0.0,
      0.0,
      0.0,
      0.0,
      0.0,
      0.0
    ]
  ],
  "tabular": [
    0.0853860005736351,
    8.319960594177246,
    7.886833190917969,
    8.81966495513916,
    1.945910096168518,
    1.945910096168518,
    2.5649492740631104,
    0.4000000059604645,
    0.08500000089406967,
    4.0,
    1.0,
    0.0,
    0.0,
    17.0,
    8.234034538269043,
    0.7788509726524353,
    0.006759746931493282,
    0.0,
    0.0,
    1.0986123085021973,
    0.0,
    0.6931471824645996,
    0.0,
    0.0,
    1.3862943649291992,
    0.0,
    1.0986123085021973,
    0.0,
    0.6931471824645996,
    0.0,
    0.6931471824645996,
    0.6931471824645996,
    0.6931471824645996,
    1.6094379425048828,
    0.6931471824645996,
    0.0,
    0.0,
    0.0,
    0.0,
    0.0,
    0.0,
    1.3862943649291992,
    0.6931471824645996,
    0.6931471824645996,
    0.0,
    0.0,
    0.0,
    0.0,
    0.0
  ],
  "sni_idx": 55406,
  "ua_idx": 0,
  "version_idx": 1,
  "ground_truth_label": 17
}