{
  "sequences": [
      [
        0.0,
        1.9459102153778076,
        2.079441547393799,
        2.079441547393799,
        0.0,
        0.0,
        0.0,
        0.0,
        2.3025851249694824,
        0.0,
        1.9459102153778076,
        2.6390573978424072,
        3.044522523880005,
        1.0986123085021973,
        0.6931471824645996,
        0.0,
        0.0,
        0.0,
        0.0,
        1.3862943649291992,
        0.0,
        1.3862943649291992,
        0.0,
        1.7917594909667969,
        0.0,
        2.6390573978424072,
        0.0,
        0.0,
        2.1972246170043945,
        0.6931471824645996
      ],
      [
        1.0,
        -1.0,
        1.0,
        -1.0,
        -1.0,
        -1.0,
        -1.0,
        -1.0,
        1.0,
        1.0,
        -1.0,
        1.0,
        1.0,
        1.0,
        1.0,
        1.0,
        1.0,
        1.0,
        1.0,
        -1.0,
        -1.0,
        -1.0,
        -1.0,
        1.0,
        1.0,
        -1.0,
        -1.0,
        -1.0,
        1.0,
        1.0
      ],
      [
        1200.0,
        1200.0,
        1200.0,
        1200.0,
        1200.0,
        1200.0,
        1200.0,
        1200.0,
        39.0,
        39.0,
        1007.0,
        39.0,
        73.0,
        31.0,
        54.0,
        34.0,
        207.0,
        34.0,
        167.0,
        613.0,
        93.0,
        25.0,
        25.0,
        31.0,
        1252.0,
        318.0,
        45.0,
        49.0,
        31.0,
        31.0
      ]
    ],
    "tabular": [
      0.10973899811506271,
      8.522777557373047,
      9.192277908325195,
      9.605620384216309,
      2.944438934326172,
      2.7725887298583984,
      3.526360511779785,
      1.0,
      0.10400000214576721,
      5.0,
      17.0,
      0.9256885647773743,
      0.006759746931493282,
      0.0,
      1.945910096168518,
      1.945910096168518,
      0.6931471824645996,
      1.0986123085021973,
      0.0,
      0.0,
      1.3862943649291992,
      0.0,
      1.3862943649291992,
      1.0986123085021973,
      0.6931471824645996,
      0.0,
      0.6931471824645996,
      1.0986123085021973,
      1.945910096168518,
      2.6390573978424072,
      1.6094379425048828,
      0.0,
      0.0,
      0.0,
      0.0,
      0.0,
      0.0,
      2.5649492740631104,
      0.6931471824645996,
      0.6931471824645996,
      0.0,
      0.0,
      0.0,
      0.0,
      0.0
    ],
    "version_idx": 1
}